<?xml version="1.0" encoding="utf-8"?>
<extension type="component" version="3.0" method="upgrade">

	<name>gscrm20</name>
	<creationDate>April 2021</creationDate>
	<author>Pedro L B Maschio</author>
	<authorEmail>bicudomaschio@gmail.com</authorEmail>
	<authorUrl>http://www.go-source.com</authorUrl>
	<copyright>Copyright (C) 2021 Pedro L B Maschio</copyright>
	<license>GNU General Public License v3 or later</license>
	<!--  The version string is recorded in the components table -->
	<version>2.0.0</version>
	<!-- The description is optional and defaults to the name -->
	<description>Simple CRM Contact Management</description>

	<update> <!-- Runs on update; New since J2.5 -->
		<schemas>
			<schemapath type="mysql">sql/updates/mysql</schemapath>
		</schemas>
	</update>
	
<!-- Public front end files -->	
	<!-- Site Main File Copy Section -->
	<!-- Note the folder attribute: This attribute describes the folder to copy FROM in the package to install
		therefore files copied in this section are copied from /assets/ in the package -->
	<files folder="assets">
		<filename>index.html</filename>
		<filename>gscrm20.php</filename>
		<filename>controller.php</filename>
		
		<folder>gsclasses</folder>
		<folder>css</folder>
		<folder>images</folder>
		<folder>js</folder>        
        <folder>models</folder>        
        <folder>views</folder>  
	</files>

	<administration>
		<!-- Administration Menu Section -->
		<menu link='index.php?option=com_gscrm20'>Simple CRM 2.0</menu>
	
		<!-- Administration Main File Copy Section -->
		<!-- Note the folder attribute: This attribute describes the folder to copy FROM in the package to install therefore files copied
			in this section are copied from /admin/ in the package -->
		<files folder="j4_admin">
			<!-- Admin Main File Copy Section -->
            <filename>index.html</filename>
            <filename>gscrm20.php</filename>
			<!-- SQL files section -->
			<folder>sql</folder>

		</files>
	</administration>

</extension>